,Price,Category
0,509.99,Dishwasher
1,249.99,Dishwasher
2,449.99,Dishwasher
3,379.99,Dishwasher
4,279.99,Dishwasher
5,399.99,Dishwasher
6,449.99,Dishwasher
7,369.99,Dishwasher
8,569.99,Dishwasher
9,519.99,Dishwasher
10,339.99,Dishwasher
11,269.99,Dishwasher
12,309.99,Dishwasher
13,249.99,Dishwasher
14,329.99,Dishwasher
15,279.99,Dishwasher
16,299.99,Dishwasher
17,599.99,Dishwasher
18,499.0,Dishwasher
19,419.99,Dishwasher
20,455.0,Dishwasher
21,299.0,Dishwasher
22,289.9,Dishwasher
23,429.99,Dishwasher
24,449.99,Dishwasher
25,629.99,Dishwasher
26,449.99,Dishwasher
27,456.1,Dishwasher
28,877.0,Dishwasher
29,435.99,Dishwasher
30,825.04,Dishwasher
31,582.0,Dishwasher
32,455.0,Dishwasher
33,442.73,Dishwasher
34,456.97,Dishwasher
35,409.0,Dishwasher
36,409.99,Dishwasher
37,397.99,Dishwasher
38,340.1,Dishwasher
39,339.99,Dishwasher
40,339.9,Dishwasher
41,599.99,Dishwasher
42,249.99,Dishwasher
43,299.99,Dishwasher
44,299.99,Dishwasher
45,469.99,Dishwasher
46,399.99,Dishwasher
47,475.94,Dishwasher
48,727.89,Dishwasher
49,449.99,Dishwasher
50,526.14,Dishwasher
51,799.9,Dishwasher
52,399.0,Dishwasher
53,399.0,Dishwasher
54,399.0,Dishwasher
55,1814.0,Dishwasher
56,455.39,Dishwasher
57,356.8,Dishwasher
58,759.0,Dishwasher
59,778.0,Dishwasher
60,595.0,Dishwasher
61,640.0,Dishwasher
62,694.0,Dishwasher
63,678.0,Dishwasher
64,714.0,Dishwasher
65,694.0,Dishwasher
66,872.0,Dishwasher
67,1124.0,Dishwasher
68,552.0,Dishwasher
69,742.03,Dishwasher
70,906.0,Dishwasher
71,788.0,Dishwasher
72,626.0,Dishwasher
73,552.0,Dishwasher
74,538.0,Dishwasher
75,713.0,Dishwasher
76,513.0,Dishwasher
77,679.0,Dishwasher
78,817.0,Dishwasher
79,610.0,Dishwasher
80,752.0,Dishwasher
81,838.0,Dishwasher
82,678.0,Dishwasher
83,697.0,Dishwasher
84,713.0,Dishwasher
85,767.0,Dishwasher
86,568.0,Dishwasher
87,430.0,Dishwasher
88,818.0,Dishwasher
89,768.0,Dishwasher
90,561.0,Dishwasher
91,656.0,Dishwasher
92,760.0,Dishwasher
93,720.0,Dishwasher
94,748.0,Dishwasher
95,645.0,Dishwasher
96,1131.0,Dishwasher
97,863.0,Dishwasher
98,1024.0,Dishwasher
99,828.0,Dishwasher
100,772.0,Dishwasher
101,817.0,Dishwasher
102,1088.0,Dishwasher
103,1041.27,Dishwasher
104,411.0,Dishwasher
105,407.98,Dishwasher
106,319.02,Dishwasher
107,412.0,Dishwasher
108,555.02,Dishwasher
109,375.0,Dishwasher
110,544.98,Dishwasher
111,694.95,Dishwasher
112,1149.99,Dishwasher
113,494.0,Dishwasher
114,999.99,Dishwasher
115,516.0,Dishwasher
116,863.0,Dishwasher
117,499.99,Dishwasher
118,565.0,Dishwasher
119,812.0,Dishwasher
120,344.17,Dishwasher
121,535.99,Dishwasher
122,732.43,Dishwasher
123,943.0,Dishwasher
124,747.0,Dishwasher
125,840.0,Dishwasher
126,916.3,Dishwasher
127,674.0,Dishwasher
128,599.65,Dishwasher
129,555.0,Dishwasher
130,712.0,Dishwasher
131,397.5,Dishwasher
132,935.0,Dishwasher
133,321.47,Dishwasher
134,310.81,Dishwasher
135,254.99,Dishwasher
136,358.26,Dishwasher
137,336.06,Dishwasher
138,389.8,Dishwasher
139,690.7,Dishwasher
140,545.8,Dishwasher
141,488.47,Dishwasher
142,669.9,Dishwasher
143,628.0,Dishwasher
144,566.0,Dishwasher
145,837.0,Dishwasher
146,549.0,Dishwasher
147,903.89,Dishwasher
148,740.0,Dishwasher
149,496.18,Dishwasher
150,474.35,Dishwasher
151,599.58,Dishwasher
152,703.9,Dishwasher
153,810.0,Dishwasher
154,331.88,Dishwasher
155,743.0,Dishwasher
156,557.98,Dishwasher
157,607.29,Dishwasher
158,1070.99,Dishwasher
159,368.69,Dishwasher
160,432.38,Dishwasher
161,439.0,Dishwasher
162,426.36,Dishwasher
163,411.73,Dishwasher
164,475.0,Dishwasher
165,914.6,Dishwasher
166,549.99,Dishwasher
167,566.39,Dishwasher
168,497.0,Dishwasher
169,462.09,Dishwasher
170,494.24,Dishwasher
171,667.57,Dishwasher
172,564.0,Dishwasher
173,580.0,Dishwasher
174,464.0,Dishwasher
175,478.6,Dishwasher
176,629.47,Dishwasher
177,828.0,Dishwasher
178,527.0,Dishwasher
179,522.05,Dishwasher
180,468.8,Dishwasher
181,518.1,Dishwasher
182,477.27,Dishwasher
183,504.77,Dishwasher
184,716.6,Dishwasher
185,599.99,Dishwasher
186,418.42,Dishwasher
187,479.99,Dishwasher
188,649.99,Dishwasher
189,377.17,Dishwasher
190,331.59,Dishwasher
191,641.78,Dishwasher
192,453.93,Dishwasher
193,629.99,Dishwasher
194,1439.0,Dishwasher
195,367.0,Dishwasher
196,357.89,Dishwasher
197,409.67,Dishwasher
198,488.8,Dishwasher
199,732.45,Dishwasher
200,1279.0,Dishwasher
201,410.36,Dishwasher
202,386.99,Dishwasher
203,753.68,Dishwasher
204,392.0,Dishwasher
205,431.8,Dishwasher
206,386.29,Dishwasher
207,365.86,Dishwasher
208,416.55,Dishwasher
209,751.0,Dishwasher
210,462.8,Dishwasher
211,594.0,Dishwasher
212,604.0,Dishwasher
213,664.99,Dishwasher
214,525.16,Dishwasher
215,485.14,Dishwasher
216,528.6,Dishwasher
217,476.78,Dishwasher
218,431.37,Dishwasher
219,460.9,Dishwasher
220,789.31,Dishwasher
221,535.6,Dishwasher
222,470.9,Dishwasher
223,517.88,Dishwasher
224,561.78,Dishwasher
225,434.8,Dishwasher
226,831.0,Dishwasher
227,677.0,Dishwasher
228,349.51,Dishwasher
229,491.75,Dishwasher
230,1171.0,Dishwasher
231,589.0,Dishwasher
232,702.99,Dishwasher
233,647.99,Dishwasher
234,597.9,Dishwasher
235,678.0,Dishwasher
236,514.0,Dishwasher
237,394.45,Dishwasher
238,837.06,Dishwasher
239,580.36,Dishwasher
240,619.0,Dishwasher
241,624.0,Dishwasher
242,929.62,Dishwasher
243,677.99,Dishwasher
244,438.0,Dishwasher
245,755.99,Dishwasher
246,678.17,Dishwasher
247,412.7,Dishwasher
248,953.0,Dishwasher
249,796.11,Dishwasher
250,592.0,Dishwasher
251,981.0,Dishwasher
252,598.99,Dishwasher
253,703.11,Dishwasher
254,1260.0,Dishwasher
255,488.14,Dishwasher
256,297.96,Dishwasher
257,555.0,Dishwasher
258,289.8,Dishwasher
259,282.32,Dishwasher
260,618.0,Dishwasher
261,432.45,Dishwasher
262,363.8,Dishwasher
263,364.84,Dishwasher
264,375.74,Dishwasher
265,422.15,Dishwasher
266,403.45,Dishwasher
267,337.96,Dishwasher
268,578.0,Dishwasher
269,344.0,Dishwasher
270,412.69,Dishwasher
271,451.84,Dishwasher
272,489.9,Dishwasher
273,697.0,Dishwasher
274,353.0,Dishwasher
275,735.0,Dishwasher
276,739.0,Dishwasher
277,493.0,Dishwasher
278,574.0,Dishwasher
279,630.27,Dishwasher
280,908.0,Dishwasher
281,279.8,Dishwasher
282,329.0,Dishwasher
283,428.0,Dishwasher
284,364.45,Dishwasher
285,644.0,Dishwasher
286,598.0,Dishwasher
287,489.12,Dishwasher
288,935.0,Dishwasher
289,279.8,Dishwasher
290,314.0,Dishwasher
291,329.0,Dishwasher
292,416.0,Dishwasher
293,455.0,Dishwasher
294,480.23,Dishwasher
295,330.41,Dishwasher
296,736.0,Dishwasher
297,535.0,Dishwasher
298,467.0,Dishwasher
299,798.0,Dishwasher
300,508.39,Dishwasher
301,398.99,Dishwasher
302,406.99,Dishwasher
303,411.56,Dishwasher
304,395.57,Dishwasher
305,422.32,Dishwasher
306,388.75,Dishwasher
307,524.0,Dishwasher
308,833.0,Dishwasher
309,683.0,Dishwasher
310,489.06,Dishwasher
311,371.6,Dishwasher
312,738.75,Dishwasher
313,569.0,Dishwasher
314,407.18,Dishwasher
315,471.0,Dishwasher
316,389.3,Dishwasher
317,299.0,Dishwasher
318,744.0,Dishwasher
319,655.0,Dishwasher
320,754.0,Dishwasher
321,662.0,Dishwasher
322,380.26,Dishwasher
323,413.27,Dishwasher
324,395.04,Dishwasher
325,1145.0,Dishwasher
326,420.03,Dishwasher
327,429.0,Dishwasher
328,519.0,Dishwasher
329,726.0,Dishwasher
330,499.99,Dishwasher
331,699.0,Dishwasher
332,499.99,Dishwasher
333,429.99,Dishwasher
334,529.99,Dishwasher
0,329.99,Oven
1,469.99,Oven
2,129.99,Oven
3,399.99,Oven
4,399.99,Oven
5,359.99,Oven
6,419.99,Oven
7,249.99,Oven
8,239.99,Oven
9,199.99,Oven
10,329.99,Oven
11,899.99,Oven
12,649.99,Oven
13,499.99,Oven
14,199.99,Oven
15,429.99,Oven
16,399.99,Oven
17,549.99,Oven
18,249.0,Oven
19,329.99,Oven
20,329.99,Oven
21,268.0,Oven
22,382.44,Oven
23,599.99,Oven
24,279.99,Oven
25,279.99,Oven
26,526.8,Oven
27,486.45,Oven
28,429.76,Oven
29,420.57,Oven
30,426.22,Oven
31,399.99,Oven
32,360.52,Oven
33,351.79,Oven
34,276.13,Oven
35,319.99,Oven
36,499.99,Oven
37,349.99,Oven
38,469.99,Oven
39,459.99,Oven
40,349.99,Oven
41,249.99,Oven
42,379.99,Oven
43,399.99,Oven
44,449.99,Oven
45,549.9,Oven
46,517.0,Oven
47,399.99,Oven
48,381.32,Oven
49,431.45,Oven
50,249.0,Oven
51,1237.81,Oven
52,769.0,Oven
53,259.0,Oven
54,699.0,Oven
55,1250.73,Oven
56,430.93,Oven
57,621.05,Oven
58,1855.0,Oven
59,1222.0,Oven
60,563.0,Oven
61,1696.0,Oven
62,2444.0,Oven
63,321.06,Oven
64,374.78,Oven
65,375.99,Oven
66,435.24,Oven
67,293.08,Oven
68,752.01,Oven
69,986.0,Oven
70,991.0,Oven
71,652.0,Oven
72,915.0,Oven
73,916.0,Oven
74,871.0,Oven
75,1374.0,Oven
76,1018.0,Oven
77,389.0,Oven
78,468.0,Oven
79,728.0,Oven
80,786.0,Oven
81,831.0,Oven
82,1433.0,Oven
83,620.0,Oven
84,734.0,Oven
85,671.0,Oven
86,595.0,Oven
87,595.0,Oven
88,701.0,Oven
89,430.0,Oven
90,702.0,Oven
91,619.0,Oven
92,975.0,Oven
93,575.0,Oven
94,450.0,Oven
95,451.0,Oven
96,594.0,Oven
97,1988.0,Oven
98,832.0,Oven
99,539.0,Oven
100,668.0,Oven
101,1041.0,Oven
102,593.0,Oven
103,609.0,Oven
104,692.0,Oven
105,602.0,Oven
106,403.0,Oven
107,669.0,Oven
108,624.0,Oven
109,508.0,Oven
110,871.0,Oven
111,564.0,Oven
112,693.0,Oven
113,816.0,Oven
114,683.0,Oven
115,613.0,Oven
116,614.0,Oven
117,638.0,Oven
118,416.0,Oven
119,540.0,Oven
120,388.0,Oven
121,490.0,Oven
122,409.0,Oven
123,535.0,Oven
124,397.0,Oven
125,467.0,Oven
126,477.0,Oven
127,659.0,Oven
128,574.0,Oven
129,394.0,Oven
130,474.0,Oven
131,494.0,Oven
132,518.0,Oven
133,640.0,Oven
134,468.0,Oven
135,464.0,Oven
136,547.0,Oven
137,407.0,Oven
138,598.0,Oven
139,660.0,Oven
140,459.0,Oven
141,494.0,Oven
142,728.0,Oven
143,431.0,Oven
144,364.0,Oven
145,458.0,Oven
146,489.0,Oven
147,481.0,Oven
148,384.0,Oven
149,716.0,Oven
150,684.0,Oven
151,570.0,Oven
152,530.0,Oven
153,675.0,Oven
154,653.0,Oven
155,514.0,Oven
156,505.0,Oven
157,1231.0,Oven
158,771.0,Oven
159,960.0,Oven
160,726.0,Oven
161,712.0,Oven
162,510.0,Oven
163,621.0,Oven
164,992.0,Oven
165,567.0,Oven
166,543.0,Oven
167,813.0,Oven
168,686.0,Oven
169,730.0,Oven
170,721.0,Oven
171,699.0,Oven
172,577.0,Oven
173,603.0,Oven
174,500.0,Oven
175,697.0,Oven
176,764.0,Oven
177,771.0,Oven
178,739.0,Oven
179,457.0,Oven
180,558.0,Oven
181,415.0,Oven
182,449.0,Oven
183,485.0,Oven
184,766.0,Oven
185,665.0,Oven
186,880.0,Oven
187,379.0,Oven
188,652.0,Oven
189,757.0,Oven
190,653.0,Oven
191,788.0,Oven
192,1170.0,Oven
193,599.0,Oven
194,75.67,Oven
195,1869.0,Oven
196,777.0,Oven
197,2218.0,Oven
198,567.0,Oven
199,1034.0,Oven
200,813.0,Oven
201,590.0,Oven
202,2808.0,Oven
203,621.0,Oven
204,378.64,Oven
205,704.0,Oven
206,76.53,Oven
207,489.01,Oven
208,261.09,Oven
209,265.0,Oven
210,357.26,Oven
211,498.25,Oven
212,332.16,Oven
213,394.03,Oven
214,387.52,Oven
215,387.52,Oven
216,1322.66,Oven
217,615.0,Oven
218,822.33,Oven
219,667.0,Oven
220,223.0,Oven
221,736.0,Oven
222,490.0,Oven
223,275.6,Oven
224,223.08,Oven
225,696.13,Oven
226,748.0,Oven
227,523.29,Oven
228,399.99,Oven
229,664.0,Oven
230,268.5,Oven
231,499.0,Oven
232,227.87,Oven
233,473.24,Oven
234,275.09,Oven
235,519.27,Oven
236,496.7,Oven
237,399.99,Oven
238,334.98,Oven
239,1372.0,Oven
240,1055.0,Oven
241,418.33,Oven
242,1456.0,Oven
243,303.84,Oven
244,427.57,Oven
245,624.26,Oven
246,292.64,Oven
247,379.52,Oven
248,613.64,Oven
249,563.88,Oven
250,298.75,Oven
251,459.99,Oven
252,354.09,Oven
253,282.0,Oven
254,321.0,Oven
255,562.0,Oven
256,431.99,Oven
257,367.0,Oven
258,402.0,Oven
259,1630.0,Oven
260,565.0,Oven
261,578.8,Oven
262,1726.0,Oven
263,386.2,Oven
264,425.89,Oven
265,387.35,Oven
266,560.96,Oven
267,582.15,Oven
268,1666.02,Oven
269,1086.67,Oven
270,559.97,Oven
271,1019.99,Oven
272,429.76,Oven
273,956.99,Oven
274,430.31,Oven
275,558.1,Oven
276,421.3,Oven
277,628.4,Oven
278,469.05,Oven
279,482.81,Oven
280,713.49,Oven
281,877.01,Oven
282,672.9,Oven
283,542.8,Oven
284,549.89,Oven
285,436.8,Oven
286,231.0,Oven
287,353.15,Oven
288,296.8,Oven
289,442.92,Oven
290,573.0,Oven
291,586.35,Oven
292,826.0,Oven
293,489.75,Oven
294,354.09,Oven
295,387.29,Oven
296,818.0,Oven
297,301.79,Oven
298,316.62,Oven
299,531.94,Oven
300,478.4,Oven
301,954.0,Oven
302,401.0,Oven
303,1875.0,Oven
304,653.0,Oven
305,440.89,Oven
306,1226.0,Oven
307,854.0,Oven
308,597.8,Oven
309,717.0,Oven
310,299.0,Oven
311,699.99,Oven
312,775.0,Oven
313,356.07,Oven
314,342.8,Oven
315,279.37,Oven
316,831.0,Oven
317,1215.0,Oven
318,712.0,Oven
319,360.0,Oven
320,1000.0,Oven
321,442.28,Oven
322,423.0,Oven
323,753.0,Oven
324,543.72,Oven
325,480.4,Oven
326,824.0,Oven
327,389.4,Oven
328,1028.29,Oven
329,363.8,Oven
330,1268.0,Oven
331,1024.0,Oven
332,695.0,Oven
333,1035.0,Oven
334,588.0,Oven
335,666.0,Oven
336,823.0,Oven
337,414.65,Oven
338,554.3,Oven
339,664.0,Oven
340,533.0,Oven
341,524.99,Oven
342,480.0,Oven
343,402.66,Oven
344,465.99,Oven
345,305.0,Oven
346,2167.0,Oven
347,277.92,Oven
348,320.73,Oven
349,348.05,Oven
350,668.0,Oven
351,527.0,Oven
352,381.0,Oven
353,546.0,Oven
354,866.0,Oven
355,1172.0,Oven
356,1103.55,Oven
357,842.0,Oven
358,581.5,Oven
359,1906.45,Oven
360,1182.0,Oven
361,378.0,Oven
362,404.0,Oven
363,819.0,Oven
364,958.0,Oven
365,549.0,Oven
366,1196.0,Oven
367,884.13,Oven
368,468.6,Oven
369,665.0,Oven
370,441.53,Oven
371,705.18,Oven
372,906.05,Oven
373,592.0,Oven
374,538.0,Oven
375,456.8,Oven
376,469.8,Oven
377,468.7,Oven
378,538.72,Oven
379,653.8,Oven
380,632.7,Oven
381,488.69,Oven
382,517.4,Oven
383,371.49,Oven
384,432.49,Oven
385,339.25,Oven
386,255.49,Oven
387,229.99,Oven
388,1327.0,Oven
389,1100.0,Oven
390,777.8,Oven
391,362.8,Oven
392,478.12,Oven
393,627.6,Oven
394,404.88,Oven
395,1947.0,Oven
396,1818.0,Oven
397,629.75,Oven
398,224.0,Oven
399,403.8,Oven
400,393.88,Oven
401,1291.51,Oven
402,2611.0,Oven
403,508.37,Oven
404,264.8,Oven
405,762.51,Oven
406,446.0,Oven
407,474.0,Oven
408,730.46,Oven
409,497.47,Oven
410,502.66,Oven
411,563.99,Oven
412,468.1,Oven
413,472.01,Oven
414,330.8,Oven
415,539.8,Oven
416,269.77,Oven
417,407.17,Oven
418,647.0,Oven
419,399.99,Oven
420,565.72,Oven
421,619.01,Oven
422,873.51,Oven
423,397.86,Oven
424,368.71,Oven
425,826.0,Oven
426,568.73,Oven
427,429.99,Oven
428,792.46,Oven
429,748.36,Oven
430,1910.0,Oven
431,1089.07,Oven
432,298.94,Oven
433,361.07,Oven
434,2510.0,Oven
435,216.79,Oven
436,465.12,Oven
437,729.66,Oven
438,716.43,Oven
439,405.32,Oven
440,322.0,Oven
441,351.99,Oven
442,413.0,Oven
443,357.8,Oven
444,632.35,Oven
445,441.4,Oven
446,549.6,Oven
447,429.0,Oven
448,357.8,Oven
449,443.88,Oven
450,656.95,Oven
451,509.85,Oven
452,325.0,Oven
453,414.0,Oven
454,349.39,Oven
455,282.19,Oven
456,491.97,Oven
457,640.6,Oven
458,391.59,Oven
459,603.0,Oven
460,545.02,Oven
461,423.82,Oven
462,436.7,Oven
463,406.76,Oven
464,738.5,Oven
465,499.8,Oven
466,499.31,Oven
467,634.87,Oven
468,683.0,Oven
469,1265.41,Oven
470,490.12,Oven
471,429.76,Oven
472,1355.0,Oven
473,1507.0,Oven
474,492.98,Oven
475,249.99,Oven
476,831.0,Oven
477,407.9,Oven
478,727.99,Oven
479,687.0,Oven
480,304.0,Oven
481,831.0,Oven
482,337.61,Oven
483,470.0,Oven
484,423.24,Oven
485,494.8,Oven
486,406.15,Oven
487,504.03,Oven
488,487.0,Oven
489,786.0,Oven
490,395.58,Oven
491,1169.0,Oven
492,1999.0,Oven
493,899.99,Oven
494,899.0,Oven
495,759.0,Oven
496,599.99,Oven
497,899.99,Oven
498,929.99,Oven
499,1299.99,Oven
500,849.99,Oven
501,1399.0,Oven
502,1399.99,Oven
503,759.0,Oven
504,849.99,Oven
505,379.99,Oven
506,649.0,Oven
507,1399.0,Oven
508,549.99,Oven
509,1299.99,Oven
510,699.99,Oven
511,649.0,Oven
512,689.99,Oven
513,1399.0,Oven
514,1699.0,Oven
515,1159.0,Oven
516,1159.0,Oven
0,299.99,Fridge
1,799.99,Fridge
2,209.99,Fridge
3,1199.99,Fridge
4,649.99,Fridge
5,279.99,Fridge
6,989.99,Fridge
7,849.99,Fridge
8,429.99,Fridge
9,379.99,Fridge
10,519.99,Fridge
11,699.99,Fridge
12,829.99,Fridge
13,109.99,Fridge
14,499.99,Fridge
15,439.99,Fridge
16,359.99,Fridge
17,209.99,Fridge
18,759.99,Fridge
19,499.99,Fridge
20,579.99,Fridge
21,279.99,Fridge
22,219.99,Fridge
23,469.99,Fridge
24,239.99,Fridge
25,224.99,Fridge
26,129.99,Fridge
27,499.99,Fridge
28,279.99,Fridge
29,299.99,Fridge
30,1339.99,Fridge
31,229.99,Fridge
32,549.99,Fridge
33,749.99,Fridge
34,249.99,Fridge
35,579.99,Fridge
36,219.99,Fridge
37,209.99,Fridge
38,359.99,Fridge
39,759.99,Fridge
40,319.99,Fridge
41,249.99,Fridge
42,289.99,Fridge
43,219.99,Fridge
44,239.99,Fridge
45,109.99,Fridge
46,269.99,Fridge
47,129.99,Fridge
48,1199.99,Fridge
49,279.99,Fridge
50,339.99,Fridge
51,319.99,Fridge
52,899.99,Fridge
53,429.99,Fridge
54,849.99,Fridge
55,799.99,Fridge
56,399.99,Fridge
57,769.99,Fridge
58,799.99,Fridge
59,749.99,Fridge
60,239.99,Fridge
61,229.99,Fridge
62,329.99,Fridge
63,649.99,Fridge
64,649.99,Fridge
65,479.99,Fridge
66,449.99,Fridge
67,109.99,Fridge
68,429.99,Fridge
69,399.99,Fridge
70,129.99,Fridge
71,329.99,Fridge
72,329.99,Fridge
73,239.99,Fridge
74,199.99,Fridge
75,1999.99,Fridge
76,1699.99,Fridge
77,549.99,Fridge
78,539.99,Fridge
79,399.0,Fridge
80,349.99,Fridge
81,319.99,Fridge
82,399.0,Fridge
83,359.99,Fridge
84,319.99,Fridge
85,269.0,Fridge
86,499.99,Fridge
87,2607.48,Fridge
88,749.99,Fridge
89,549.99,Fridge
90,359.99,Fridge
91,899.99,Fridge
92,1366.0,Fridge
93,600.95,Fridge
94,459.99,Fridge
95,746.65,Fridge
96,699.99,Fridge
97,620.4,Fridge
98,613.0,Fridge
99,580.18,Fridge
100,582.92,Fridge
101,567.04,Fridge
102,549.0,Fridge
103,519.99,Fridge
104,499.67,Fridge
105,504.29,Fridge
106,487.7,Fridge
107,485.99,Fridge
108,478.11,Fridge
109,469.2,Fridge
110,471.29,Fridge
111,440.67,Fridge
112,449.1,Fridge
113,573.63,Fridge
114,417.7,Fridge
115,433.88,Fridge
116,695.99,Fridge
117,419.0,Fridge
118,415.35,Fridge
119,480.16,Fridge
120,362.72,Fridge
121,360.8,Fridge
122,348.9,Fridge
123,350.64,Fridge
124,349.99,Fridge
125,315.42,Fridge
126,303.4,Fridge
127,299.87,Fridge
128,301.0,Fridge
129,265.7,Fridge
130,275.28,Fridge
131,489.0,Fridge
132,189.99,Fridge
133,1399.99,Fridge
134,1299.99,Fridge
135,749.99,Fridge
136,329.99,Fridge
137,749.99,Fridge
138,469.99,Fridge
139,899.99,Fridge
140,999.99,Fridge
141,999.99,Fridge
142,569.99,Fridge
143,249.99,Fridge
144,799.99,Fridge
145,749.99,Fridge
146,849.99,Fridge
147,999.99,Fridge
148,1199.99,Fridge
149,1246.99,Fridge
150,269.99,Fridge
151,159.99,Fridge
152,109.99,Fridge
153,239.99,Fridge
154,549.99,Fridge
155,429.99,Fridge
156,329.99,Fridge
157,149.9,Fridge
158,149.99,Fridge
159,149.99,Fridge
160,319.99,Fridge
161,319.99,Fridge
162,429.0,Fridge
163,299.0,Fridge
164,629.0,Fridge
165,499.0,Fridge
166,211.46,Fridge
167,499.0,Fridge
168,1257.3,Fridge
169,229.0,Fridge
170,999.0,Fridge
171,999.0,Fridge
172,455.6,Fridge
173,821.72,Fridge
174,259.0,Fridge
175,877.14,Fridge
176,439.99,Fridge
177,1477.74,Fridge
178,1503.0,Fridge
179,981.0,Fridge
180,1111.0,Fridge
181,729.0,Fridge
182,1786.0,Fridge
183,1706.0,Fridge
184,843.0,Fridge
185,415.55,Fridge
186,919.41,Fridge
187,329.35,Fridge
188,877.0,Fridge
189,1996.0,Fridge
190,926.0,Fridge
191,1525.0,Fridge
192,339.9,Fridge
193,602.0,Fridge
194,1199.0,Fridge
195,215.0,Fridge
196,1204.0,Fridge
197,1811.0,Fridge
198,839.0,Fridge
199,261.64,Fridge
200,2290.0,Fridge
201,792.0,Fridge
202,1100.0,Fridge
203,2878.0,Fridge
204,1271.0,Fridge
205,1088.0,Fridge
206,970.0,Fridge
207,1194.0,Fridge
208,861.0,Fridge
209,2149.0,Fridge
210,3709.0,Fridge
211,1634.0,Fridge
212,1504.0,Fridge
213,830.0,Fridge
214,1142.0,Fridge
215,938.0,Fridge
216,1309.0,Fridge
217,784.0,Fridge
218,1133.0,Fridge
219,842.0,Fridge
220,1414.0,Fridge
221,1996.0,Fridge
222,1415.0,Fridge
223,1343.0,Fridge
224,2414.0,Fridge
225,1648.0,Fridge
226,521.0,Fridge
227,1055.0,Fridge
228,398.0,Fridge
229,1010.0,Fridge
230,981.0,Fridge
231,671.0,Fridge
232,597.0,Fridge
233,594.0,Fridge
234,530.0,Fridge
235,601.0,Fridge
236,1033.0,Fridge
237,460.0,Fridge
238,872.0,Fridge
239,445.0,Fridge
240,1083.0,Fridge
241,833.0,Fridge
242,616.0,Fridge
243,1020.0,Fridge
244,580.0,Fridge
245,900.0,Fridge
246,1175.0,Fridge
247,1096.0,Fridge
248,977.0,Fridge
249,981.0,Fridge
250,2184.0,Fridge
251,1453.0,Fridge
252,1180.0,Fridge
253,1554.0,Fridge
254,999.0,Fridge
255,1578.0,Fridge
256,1896.0,Fridge
257,2229.0,Fridge
258,2022.0,Fridge
259,1536.0,Fridge
260,1262.0,Fridge
261,969.0,Fridge
262,1408.0,Fridge
263,871.0,Fridge
264,535.0,Fridge
265,978.0,Fridge
266,1188.0,Fridge
267,759.0,Fridge
268,1681.0,Fridge
269,1365.0,Fridge
270,905.0,Fridge
271,1191.0,Fridge
272,758.0,Fridge
273,683.0,Fridge
274,907.0,Fridge
275,906.0,Fridge
276,906.0,Fridge
277,965.0,Fridge
278,814.0,Fridge
279,609.0,Fridge
280,1689.0,Fridge
281,1659.0,Fridge
282,1548.0,Fridge
283,1282.0,Fridge
284,1628.0,Fridge
285,230.99,Fridge
286,1050.0,Fridge
287,582.0,Fridge
288,437.52,Fridge
289,864.99,Fridge
290,440.79,Fridge
291,1113.99,Fridge
292,710.2,Fridge
293,1140.45,Fridge
294,449.0,Fridge
295,479.45,Fridge
296,435.93,Fridge
297,325.0,Fridge
298,299.0,Fridge
299,299.0,Fridge
300,279.0,Fridge
301,269.0,Fridge
302,215.0,Fridge
303,611.5,Fridge
304,305.99,Fridge
305,502.03,Fridge
306,440.78,Fridge
307,539.31,Fridge
308,553.62,Fridge
309,498.09,Fridge
310,351.67,Fridge
311,351.96,Fridge
312,589.61,Fridge
313,442.76,Fridge
314,514.6,Fridge
315,649.25,Fridge
316,467.0,Fridge
317,899.0,Fridge
318,379.99,Fridge
319,307.37,Fridge
320,337.0,Fridge
321,316.07,Fridge
322,530.79,Fridge
323,261.2,Fridge
324,1109.0,Fridge
325,833.81,Fridge
326,1145.74,Fridge
327,1182.62,Fridge
328,1561.99,Fridge
329,749.99,Fridge
330,1298.0,Fridge
331,542.43,Fridge
332,666.8,Fridge
333,813.46,Fridge
334,215.97,Fridge
335,385.39,Fridge
336,303.23,Fridge
337,1246.0,Fridge
338,404.64,Fridge
339,285.35,Fridge
340,2284.92,Fridge
341,744.0,Fridge
342,587.25,Fridge
343,1205.0,Fridge
344,1371.99,Fridge
345,802.33,Fridge
346,733.39,Fridge
347,814.0,Fridge
348,618.04,Fridge
349,680.74,Fridge
350,317.92,Fridge
351,407.02,Fridge
352,326.44,Fridge
353,405.08,Fridge
354,1036.28,Fridge
355,643.96,Fridge
356,410.0,Fridge
357,1799.31,Fridge
358,481.56,Fridge
359,313.35,Fridge
360,549.94,Fridge
361,980.0,Fridge
362,337.4,Fridge
363,243.39,Fridge
364,232.39,Fridge
365,309.96,Fridge
366,769.71,Fridge
367,592.4,Fridge
368,1869.56,Fridge
369,490.17,Fridge
370,1195.88,Fridge
371,499.0,Fridge
372,989.99,Fridge
373,553.38,Fridge
374,474.35,Fridge
375,541.44,Fridge
376,528.03,Fridge
377,570.91,Fridge
378,681.67,Fridge
379,656.01,Fridge
380,733.42,Fridge
381,583.47,Fridge
382,1982.0,Fridge
383,667.52,Fridge
384,500.72,Fridge
385,720.0,Fridge
386,461.8,Fridge
387,482.8,Fridge
388,344.8,Fridge
389,399.0,Fridge
390,410.43,Fridge
391,868.0,Fridge
392,954.0,Fridge
393,1173.0,Fridge
394,1331.0,Fridge
395,1390.0,Fridge
396,274.03,Fridge
397,1030.0,Fridge
398,1419.99,Fridge
399,411.5,Fridge
400,420.6,Fridge
401,644.82,Fridge
402,385.77,Fridge
403,382.69,Fridge
404,631.8,Fridge
405,949.39,Fridge
406,900.0,Fridge
407,1078.0,Fridge
408,564.99,Fridge
409,672.21,Fridge
410,497.1,Fridge
411,1067.0,Fridge
412,3147.35,Fridge
413,501.0,Fridge
414,431.36,Fridge
415,1568.0,Fridge
416,429.61,Fridge
417,949.0,Fridge
418,371.25,Fridge
419,667.89,Fridge
420,445.98,Fridge
421,494.38,Fridge
422,354.17,Fridge
423,593.96,Fridge
424,519.97,Fridge
425,834.14,Fridge
426,812.04,Fridge
427,664.12,Fridge
428,757.99,Fridge
429,388.45,Fridge
430,492.85,Fridge
431,723.01,Fridge
432,588.66,Fridge
433,1701.73,Fridge
434,546.12,Fridge
435,600.96,Fridge
436,418.8,Fridge
437,385.0,Fridge
438,557.0,Fridge
439,631.78,Fridge
440,700.78,Fridge
441,637.08,Fridge
442,662.6,Fridge
443,668.59,Fridge
444,537.24,Fridge
445,1080.77,Fridge
446,745.17,Fridge
447,463.38,Fridge
448,387.48,Fridge
449,1251.44,Fridge
450,525.8,Fridge
451,524.0,Fridge
452,715.99,Fridge
453,890.0,Fridge
454,422.0,Fridge
455,2566.0,Fridge
456,767.1,Fridge
457,1062.0,Fridge
458,649.0,Fridge
459,463.0,Fridge
460,824.2,Fridge
461,179.45,Fridge
462,562.7,Fridge
463,756.58,Fridge
464,911.0,Fridge
465,393.99,Fridge
466,336.56,Fridge
467,193.52,Fridge
468,170.0,Fridge
469,557.19,Fridge
470,150.41,Fridge
471,1181.83,Fridge
472,628.6,Fridge
473,1975.5,Fridge
474,637.83,Fridge
475,955.32,Fridge
476,484.97,Fridge
477,669.89,Fridge
478,427.08,Fridge
479,846.0,Fridge
480,582.79,Fridge
481,468.0,Fridge
482,553.24,Fridge
483,679.99,Fridge
484,425.01,Fridge
485,488.99,Fridge
486,354.84,Fridge
487,621.22,Fridge
488,785.9,Fridge
489,718.0,Fridge
490,882.9,Fridge
491,781.59,Fridge
492,591.99,Fridge
493,455.37,Fridge
494,761.68,Fridge
495,2611.99,Fridge
496,2612.0,Fridge
497,547.0,Fridge
498,537.04,Fridge
499,157.47,Fridge
500,469.84,Fridge
501,803.47,Fridge
502,762.0,Fridge
503,1268.0,Fridge
504,647.95,Fridge
505,734.85,Fridge
506,579.42,Fridge
507,453.74,Fridge
508,501.93,Fridge
509,489.9,Fridge
510,649.52,Fridge
511,766.8,Fridge
512,398.39,Fridge
513,680.55,Fridge
514,754.58,Fridge
515,668.8,Fridge
516,761.0,Fridge
517,703.99,Fridge
518,554.95,Fridge
519,859.66,Fridge
520,847.19,Fridge
521,1738.0,Fridge
522,623.58,Fridge
523,1049.0,Fridge
524,674.8,Fridge
525,754.57,Fridge
526,584.1,Fridge
527,1822.63,Fridge
528,913.04,Fridge
529,399.02,Fridge
530,728.59,Fridge
531,533.49,Fridge
532,537.18,Fridge
533,590.54,Fridge
534,2386.81,Fridge
535,325.49,Fridge
536,491.4,Fridge
537,565.8,Fridge
538,682.63,Fridge
539,545.02,Fridge
540,647.07,Fridge
541,895.41,Fridge
542,669.34,Fridge
543,417.89,Fridge
544,701.99,Fridge
545,550.6,Fridge
546,565.24,Fridge
547,610.95,Fridge
548,825.51,Fridge
549,496.77,Fridge
550,484.91,Fridge
551,209.8,Fridge
552,327.28,Fridge
553,411.6,Fridge
554,1178.06,Fridge
555,1126.61,Fridge
556,1240.97,Fridge
557,1227.8,Fridge
558,786.9,Fridge
559,563.8,Fridge
560,715.46,Fridge
561,344.46,Fridge
562,732.0,Fridge
563,731.0,Fridge
564,599.28,Fridge
565,718.86,Fridge
566,671.7,Fridge
567,1264.09,Fridge
568,765.8,Fridge
569,510.26,Fridge
570,442.65,Fridge
571,550.8,Fridge
572,971.37,Fridge
573,655.29,Fridge
574,928.0,Fridge
575,639.91,Fridge
576,630.08,Fridge
577,1199.99,Fridge
578,602.68,Fridge
579,667.79,Fridge
580,547.6,Fridge
581,258.99,Fridge
582,585.48,Fridge
583,1165.39,Fridge
584,893.97,Fridge
585,622.78,Fridge
586,302.7,Fridge
587,587.64,Fridge
588,608.06,Fridge
589,553.39,Fridge
590,876.6,Fridge
591,471.07,Fridge
592,680.55,Fridge
593,767.84,Fridge
594,740.74,Fridge
595,469.69,Fridge
596,520.9,Fridge
597,529.11,Fridge
598,644.4,Fridge
599,563.72,Fridge
600,466.5,Fridge
601,418.92,Fridge
602,799.0,Fridge
603,603.21,Fridge
604,1039.88,Fridge
605,807.91,Fridge
606,476.7,Fridge
607,513.38,Fridge
608,608.76,Fridge
609,415.09,Fridge
610,379.7,Fridge
611,777.15,Fridge
612,608.85,Fridge
613,398.52,Fridge
614,440.55,Fridge
615,937.0,Fridge
616,810.6,Fridge
617,472.11,Fridge
618,583.21,Fridge
619,200.82,Fridge
620,942.0,Fridge
621,443.41,Fridge
622,637.5,Fridge
623,379.8,Fridge
624,489.4,Fridge
625,543.05,Fridge
626,475.3,Fridge
627,412.0,Fridge
628,375.6,Fridge
629,1186.95,Fridge
630,749.24,Fridge
631,389.3,Fridge
632,293.5,Fridge
633,521.05,Fridge
634,289.28,Fridge
635,368.45,Fridge
636,316.25,Fridge
637,288.49,Fridge
638,276.15,Fridge
639,622.7,Fridge
640,570.79,Fridge
641,516.98,Fridge
642,1113.0,Fridge
643,507.08,Fridge
644,248.0,Fridge
645,625.19,Fridge
646,606.8,Fridge
647,580.86,Fridge
648,433.54,Fridge
649,603.69,Fridge
650,210.0,Fridge
651,179.0,Fridge
652,506.3,Fridge
653,360.99,Fridge
654,548.8,Fridge
655,647.9,Fridge
656,376.1,Fridge
657,535.44,Fridge
658,316.99,Fridge
659,529.42,Fridge
660,500.8,Fridge
661,586.37,Fridge
662,352.02,Fridge
663,482.73,Fridge
664,227.88,Fridge
665,527.99,Fridge
666,932.0,Fridge
667,431.04,Fridge
668,401.99,Fridge
669,429.7,Fridge
670,910.59,Fridge
671,823.0,Fridge
672,319.42,Fridge
673,1553.7,Fridge
674,424.14,Fridge
675,461.32,Fridge
676,606.6,Fridge
677,458.45,Fridge
678,735.76,Fridge
679,1068.0,Fridge
680,828.0,Fridge
681,229.99,Fridge
682,788.94,Fridge
683,1048.0,Fridge
684,642.0,Fridge
685,432.0,Fridge
686,684.0,Fridge
687,454.0,Fridge
688,1511.0,Fridge
689,1148.0,Fridge
690,2615.11,Fridge
691,1447.98,Fridge
692,515.16,Fridge
693,743.62,Fridge
694,1402.36,Fridge
695,1064.08,Fridge
696,539.1,Fridge
697,642.33,Fridge
698,622.84,Fridge
699,502.67,Fridge
700,1330.96,Fridge
701,1277.84,Fridge
702,762.72,Fridge
703,674.29,Fridge
704,1679.76,Fridge
705,187.37,Fridge
706,477.0,Fridge
707,1413.0,Fridge
708,445.0,Fridge
709,2118.46,Fridge
710,740.6,Fridge
711,1048.0,Fridge
712,1050.43,Fridge
713,752.0,Fridge
714,1131.79,Fridge
715,364.0,Fridge
716,713.0,Fridge
717,562.54,Fridge
718,285.42,Fridge
719,796.22,Fridge
720,449.0,Fridge
721,466.0,Fridge
722,2114.43,Fridge
723,684.0,Fridge
724,696.69,Fridge
725,1308.23,Fridge
726,1394.99,Fridge
727,1044.88,Fridge
728,572.24,Fridge
729,1457.0,Fridge
730,1079.03,Fridge
731,927.0,Fridge
732,481.0,Fridge
733,170.0,Fridge
734,729.0,Fridge
735,1271.66,Fridge
736,541.62,Fridge
737,530.87,Fridge
738,900.76,Fridge
739,389.8,Fridge
740,600.84,Fridge
741,1249.9,Fridge
742,982.0,Fridge
743,1438.0,Fridge
744,645.0,Fridge
745,499.99,Fridge
746,483.71,Fridge
747,642.0,Fridge
748,499.0,Fridge
749,729.0,Fridge
750,712.8,Fridge
751,630.0,Fridge
752,1453.0,Fridge
753,799.0,Fridge
754,564.8,Fridge
755,476.0,Fridge
756,1243.0,Fridge
757,287.0,Fridge
758,524.4,Fridge
759,729.57,Fridge
760,701.35,Fridge
761,745.0,Fridge
762,1322.0,Fridge
763,1045.65,Fridge
764,1074.0,Fridge
765,586.33,Fridge
766,446.0,Fridge
767,521.55,Fridge
768,859.99,Fridge
769,684.37,Fridge
770,778.27,Fridge
771,829.0,Fridge
772,350.1,Fridge
773,1429.99,Fridge
774,1339.0,Fridge
775,1629.0,Fridge
776,449.99,Fridge
777,1049.99,Fridge
778,499.99,Fridge
779,2599.99,Fridge
780,2599.99,Fridge
781,2399.99,Fridge
782,1099.99,Fridge
783,899.0,Fridge
784,899.0,Fridge
785,1059.0,Fridge
786,899.0,Fridge
787,899.0,Fridge
788,899.0,Fridge
789,1059.0,Fridge
790,899.0,Fridge
791,949.0,Fridge
792,949.0,Fridge
793,949.0,Fridge
794,949.0,Fridge
795,949.0,Fridge
796,1099.99,Fridge
797,1099.99,Fridge
798,1099.99,Fridge
799,1099.99,Fridge
800,1099.99,Fridge
801,1099.99,Fridge
802,1099.99,Fridge
803,1099.99,Fridge
804,1099.99,Fridge
805,1299.99,Fridge
806,1099.99,Fridge
807,899.0,Fridge
808,899.0,Fridge
809,879.99,Fridge
810,1059.99,Fridge
811,979.99,Fridge
812,2699.0,Fridge
813,1699.0,Fridge
814,1749.0,Fridge
815,1699.0,Fridge
816,2499.0,Fridge
817,2599.0,Fridge
818,2499.0,Fridge
819,2599.0,Fridge
820,1299.0,Fridge
821,1299.0,Fridge
822,1299.0,Fridge
823,1749.0,Fridge
824,1749.0,Fridge
825,1799.0,Fridge
826,1679.0,Fridge
827,1049.0,Fridge
828,1299.0,Fridge
829,1049.0,Fridge
830,1749.0,Fridge
831,1299.0,Fridge
832,899.0,Fridge
833,899.0,Fridge
834,899.0,Fridge
835,899.0,Fridge
836,899.0,Fridge
837,899.0,Fridge
838,899.0,Fridge
839,899.0,Fridge
840,899.0,Fridge
841,899.0,Fridge
842,649.99,Fridge
843,1299.0,Fridge
844,349.99,Fridge
845,769.99,Fridge
846,449.99,Fridge
847,349.0,Fridge
848,1999.0,Fridge
849,2549.0,Fridge
850,1169.0,Fridge
851,999.99,Fridge
852,1499.99,Fridge
0,64.99,Microwave
1,44.99,Microwave
2,69.99,Microwave
3,139.99,Microwave
4,179.99,Microwave
5,99.99,Microwave
6,109.99,Microwave
7,79.99,Microwave
8,109.99,Microwave
9,119.99,Microwave
10,89.99,Microwave
11,159.99,Microwave
12,149.99,Microwave
13,139.99,Microwave
14,129.99,Microwave
15,119.99,Microwave
16,99.99,Microwave
17,89.99,Microwave
18,79.99,Microwave
19,199.99,Microwave
20,69.99,Microwave
21,129.99,Microwave
22,89.99,Microwave
23,444.07,Microwave
24,95.99,Microwave
25,89.99,Microwave
26,157.87,Microwave
27,330.0,Microwave
28,519.99,Microwave
29,490.0,Microwave
30,499.42,Microwave
31,129.99,Microwave
32,122.41,Microwave
33,330.62,Microwave
34,317.51,Microwave
35,119.75,Microwave
36,128.0,Microwave
37,249.99,Microwave
38,200.16,Microwave
39,156.88,Microwave
40,151.59,Microwave
41,149.99,Microwave
42,137.03,Microwave
43,136.48,Microwave
44,127.21,Microwave
45,124.99,Microwave
46,108.0,Microwave
47,100.23,Microwave
48,97.0,Microwave
49,89.99,Microwave
50,179.99,Microwave
51,699.99,Microwave
52,359.99,Microwave
53,419.99,Microwave
54,199.99,Microwave
55,269.99,Microwave
56,199.99,Microwave
57,699.0,Microwave
58,479.99,Microwave
59,399.99,Microwave
60,89.99,Microwave
61,99.99,Microwave
62,79.99,Microwave
63,119.99,Microwave
64,159.99,Microwave
65,273.24,Microwave
66,165.83,Microwave
67,162.22,Microwave
68,185.99,Microwave
69,717.75,Microwave
70,174.99,Microwave
71,166.38,Microwave
72,285.91,Microwave
73,114.99,Microwave
74,230.73,Microwave
75,865.0,Microwave
76,663.0,Microwave
77,219.0,Microwave
78,369.0,Microwave
79,289.99,Microwave
80,463.08,Microwave
81,499.97,Microwave
82,197.0,Microwave
83,186.0,Microwave
84,722.0,Microwave
85,739.0,Microwave
86,585.0,Microwave
87,772.0,Microwave
88,933.0,Microwave
89,788.0,Microwave
90,948.0,Microwave
91,908.0,Microwave
92,738.0,Microwave
93,2125.0,Microwave
94,384.0,Microwave
95,384.0,Microwave
96,522.0,Microwave
97,239.0,Microwave
98,499.0,Microwave
99,516.0,Microwave
100,542.0,Microwave
101,675.0,Microwave
102,940.0,Microwave
103,886.0,Microwave
104,535.0,Microwave
105,877.0,Microwave
106,823.0,Microwave
107,1000.0,Microwave
108,809.0,Microwave
109,356.0,Microwave
110,438.0,Microwave
111,1246.0,Microwave
112,296.0,Microwave
113,203.0,Microwave
114,284.0,Microwave
115,311.0,Microwave
116,250.0,Microwave
117,206.0,Microwave
118,255.0,Microwave
119,147.31,Microwave
120,133.96,Microwave
121,437.0,Microwave
122,94.99,Microwave
123,81.54,Microwave
124,243.92,Microwave
125,77.75,Microwave
126,105.95,Microwave
127,717.0,Microwave
128,293.02,Microwave
129,116.04,Microwave
130,827.0,Microwave
131,150.0,Microwave
132,130.99,Microwave
133,497.59,Microwave
134,119.99,Microwave
135,124.49,Microwave
136,374.0,Microwave
137,215.53,Microwave
138,276.7,Microwave
139,267.0,Microwave
140,137.3,Microwave
141,175.93,Microwave
142,327.99,Microwave
143,296.36,Microwave
144,376.7,Microwave
145,237.13,Microwave
146,92.0,Microwave
147,156.23,Microwave
148,370.41,Microwave
149,66.92,Microwave
150,97.82,Microwave
151,137.93,Microwave
152,193.0,Microwave
153,195.0,Microwave
154,96.19,Microwave
155,120.06,Microwave
156,82.0,Microwave
157,322.99,Microwave
158,787.99,Microwave
159,160.3,Microwave
160,164.99,Microwave
161,598.47,Microwave
162,407.0,Microwave
163,437.0,Microwave
164,177.0,Microwave
165,177.89,Microwave
166,116.79,Microwave
167,333.22,Microwave
168,624.0,Microwave
169,160.0,Microwave
170,1058.08,Microwave
171,187.12,Microwave
172,559.0,Microwave
173,326.0,Microwave
174,330.0,Microwave
175,959.49,Microwave
176,355.0,Microwave
177,280.0,Microwave
178,99.0,Microwave
179,1100.0,Microwave
180,147.51,Microwave
181,310.63,Microwave
182,342.0,Microwave
183,160.99,Microwave
184,183.1,Microwave
185,154.32,Microwave
186,1656.0,Microwave
187,888.99,Microwave
188,249.46,Microwave
189,254.56,Microwave
190,240.39,Microwave
191,441.25,Microwave
192,400.0,Microwave
193,1207.0,Microwave
194,262.74,Microwave
195,339.0,Microwave
196,349.33,Microwave
197,271.0,Microwave
198,966.86,Microwave
199,138.99,Microwave
200,99.99,Microwave
201,174.99,Microwave
202,202.89,Microwave
203,249.74,Microwave
204,210.0,Microwave
205,613.7,Microwave
206,124.99,Microwave
207,256.26,Microwave
208,351.8,Microwave
209,526.4,Microwave
210,447.24,Microwave
211,253.0,Microwave
212,376.79,Microwave
213,116.42,Microwave
214,99.99,Microwave
215,99.49,Microwave
216,119.99,Microwave
217,185.07,Microwave
218,148.0,Microwave
219,185.8,Microwave
220,218.0,Microwave
221,155.9,Microwave
222,507.0,Microwave
223,259.81,Microwave
224,292.41,Microwave
225,367.0,Microwave
226,263.94,Microwave
227,82.04,Microwave
228,124.24,Microwave
229,515.0,Microwave
230,352.56,Microwave
231,183.0,Microwave
232,952.0,Microwave
233,235.54,Microwave
234,632.47,Microwave
235,219.0,Microwave
236,621.0,Microwave
237,485.59,Microwave
238,207.23,Microwave
239,190.33,Microwave
240,141.99,Microwave
241,507.61,Microwave
242,473.66,Microwave
243,409.99,Microwave
244,176.9,Microwave
245,228.99,Microwave
246,187.0,Microwave
247,184.58,Microwave
248,208.0,Microwave
249,82.87,Microwave
250,221.05,Microwave
251,267.0,Microwave
252,164.0,Microwave
253,233.38,Microwave
254,250.0,Microwave
255,338.0,Microwave
256,722.9,Microwave
257,315.0,Microwave
258,303.0,Microwave
259,374.81,Microwave
260,165.89,Microwave
261,105.56,Microwave
262,133.35,Microwave
263,243.0,Microwave
264,204.07,Microwave
265,547.13,Microwave
266,202.29,Microwave
267,110.0,Microwave
268,94.9,Microwave
269,556.0,Microwave
270,214.97,Microwave
271,391.99,Microwave
272,181.79,Microwave
273,278.0,Microwave
274,294.57,Microwave
275,195.8,Microwave
276,368.68,Microwave
277,164.0,Microwave
278,140.38,Microwave
279,139.74,Microwave
280,411.0,Microwave
281,217.0,Microwave
282,105.99,Microwave
283,145.83,Microwave
284,144.0,Microwave
285,354.0,Microwave
286,91.0,Microwave
287,112.16,Microwave
288,113.0,Microwave
289,105.99,Microwave
290,183.98,Microwave
291,136.68,Microwave
292,96.99,Microwave
293,178.75,Microwave
294,138.22,Microwave
295,170.55,Microwave
296,121.25,Microwave
297,117.91,Microwave
298,170.98,Microwave
299,261.32,Microwave
300,126.11,Microwave
301,855.0,Microwave
302,513.0,Microwave
303,363.0,Microwave
304,280.42,Microwave
305,343.52,Microwave
306,262.43,Microwave
307,146.84,Microwave
308,276.0,Microwave
309,137.74,Microwave
310,152.88,Microwave
311,269.39,Microwave
312,163.0,Microwave
313,169.0,Microwave
314,126.04,Microwave
315,383.0,Microwave
316,172.0,Microwave
317,126.56,Microwave
318,321.0,Microwave
319,282.0,Microwave
320,520.8,Microwave
321,158.0,Microwave
322,119.8,Microwave
323,129.0,Microwave
324,126.61,Microwave
325,147.0,Microwave
326,143.87,Microwave
327,338.64,Microwave
328,262.11,Microwave
329,331.01,Microwave
330,304.99,Microwave
331,343.8,Microwave
332,248.88,Microwave
333,277.38,Microwave
334,172.0,Microwave
335,325.78,Microwave
336,117.9,Microwave
337,246.0,Microwave
338,436.3,Microwave
339,144.08,Microwave
340,531.84,Microwave
341,120.41,Microwave
342,516.0,Microwave
343,151.76,Microwave
344,159.55,Microwave
345,269.0,Microwave
346,237.04,Microwave
347,175.99,Microwave
348,474.65,Microwave
349,356.0,Microwave
350,308.87,Microwave
351,145.99,Microwave
352,825.0,Microwave
353,197.0,Microwave
354,204.05,Microwave
355,174.99,Microwave
356,245.0,Microwave
357,502.0,Microwave
358,235.16,Microwave
359,322.37,Microwave
360,349.88,Microwave
361,189.0,Microwave
362,415.68,Microwave
363,259.17,Microwave
364,319.64,Microwave
365,199.22,Microwave
366,387.0,Microwave
367,280.4,Microwave
368,585.0,Microwave
369,335.0,Microwave
370,182.5,Microwave
371,169.31,Microwave
372,117.62,Microwave
373,165.0,Microwave
374,142.0,Microwave
375,384.18,Microwave
376,273.29,Microwave
377,344.0,Microwave
378,245.0,Microwave
379,187.0,Microwave
380,363.0,Microwave
381,184.6,Microwave
382,353.0,Microwave
383,261.22,Microwave
384,217.07,Microwave
385,402.0,Microwave
386,644.22,Microwave
387,1465.0,Microwave
388,166.49,Microwave
389,464.05,Microwave
390,93.39,Microwave
391,133.97,Microwave
392,197.9,Microwave
393,468.0,Microwave
394,205.0,Microwave
395,425.0,Microwave
396,275.34,Microwave
397,547.0,Microwave
398,355.64,Microwave
399,655.09,Microwave
400,225.0,Microwave
401,158.0,Microwave
402,150.0,Microwave
403,154.17,Microwave
404,178.4,Microwave
405,301.61,Microwave
406,305.0,Microwave
407,215.67,Microwave
408,213.0,Microwave
409,518.0,Microwave
410,185.04,Microwave
411,316.0,Microwave
412,135.05,Microwave
413,484.86,Microwave
414,155.0,Microwave
415,398.0,Microwave
416,246.16,Microwave
417,233.35,Microwave
418,248.0,Microwave
419,387.0,Microwave
420,234.0,Microwave
421,161.15,Microwave
422,513.69,Microwave
423,373.04,Microwave
424,270.42,Microwave
425,634.64,Microwave
426,122.69,Microwave
427,150.47,Microwave
428,151.81,Microwave
429,525.46,Microwave
430,224.69,Microwave
431,494.0,Microwave
432,558.0,Microwave
433,264.0,Microwave
434,159.72,Microwave
435,171.28,Microwave
436,336.74,Microwave
437,266.96,Microwave
438,233.0,Microwave
439,179.9,Microwave
440,146.03,Microwave
441,112.81,Microwave
442,134.07,Microwave
443,163.89,Microwave
444,123.0,Microwave
445,194.69,Microwave
446,259.06,Microwave
447,128.96,Microwave
448,124.85,Microwave
449,200.17,Microwave
450,204.0,Microwave
451,261.05,Microwave
452,108.97,Microwave
453,147.25,Microwave
454,255.93,Microwave
455,238.28,Microwave
456,359.45,Microwave
457,815.18,Microwave
458,906.0,Microwave
459,250.25,Microwave
460,116.01,Microwave
461,218.0,Microwave
462,234.0,Microwave
463,153.18,Microwave
464,111.82,Microwave
465,490.0,Microwave
466,316.93,Microwave
467,246.0,Microwave
468,136.0,Microwave
469,360.48,Microwave
470,334.0,Microwave
471,436.68,Microwave
472,357.0,Microwave
473,440.0,Microwave
474,159.0,Microwave
475,392.0,Microwave
476,391.0,Microwave
477,314.75,Microwave
478,302.0,Microwave
479,720.0,Microwave
480,554.98,Microwave
481,496.0,Microwave
482,378.0,Microwave
483,554.0,Microwave
484,639.0,Microwave
485,707.0,Microwave
486,246.0,Microwave
487,218.54,Microwave
488,99.54,Microwave
489,136.38,Microwave
490,258.58,Microwave
491,145.99,Microwave
492,250.0,Microwave
493,551.0,Microwave
494,114.61,Microwave
495,126.79,Microwave
496,333.58,Microwave
497,208.0,Microwave
498,145.0,Microwave
499,362.06,Microwave
500,119.98,Microwave
501,145.99,Microwave
502,143.0,Microwave
503,304.14,Microwave
504,269.9,Microwave
505,228.42,Microwave
506,125.81,Microwave
507,458.0,Microwave
508,281.0,Microwave
509,183.68,Microwave
510,170.16,Microwave
511,422.0,Microwave
512,719.0,Microwave
513,462.11,Microwave
514,369.47,Microwave
515,497.0,Microwave
516,442.0,Microwave
517,214.0,Microwave
518,409.51,Microwave
519,201.9,Microwave
520,422.0,Microwave
521,160.0,Microwave
522,328.92,Microwave
523,142.0,Microwave
524,125.14,Microwave
525,245.0,Microwave
526,233.15,Microwave
527,200.39,Microwave
528,138.68,Microwave
529,200.64,Microwave
530,201.0,Microwave
531,162.0,Microwave
532,153.95,Microwave
533,154.99,Microwave
534,109.93,Microwave
535,526.6,Microwave
536,799.99,Microwave
537,721.0,Microwave
538,129.82,Microwave
539,327.21,Microwave
540,227.0,Microwave
541,175.0,Microwave
542,279.97,Microwave
543,699.99,Microwave
544,198.93,Microwave
545,156.91,Microwave
546,177.0,Microwave
547,146.0,Microwave
548,306.51,Microwave
549,299.59,Microwave
550,138.0,Microwave
551,302.0,Microwave
552,459.67,Microwave
553,171.19,Microwave
554,195.0,Microwave
555,160.01,Microwave
556,151.28,Microwave
557,214.23,Microwave
558,113.13,Microwave
559,449.99,Microwave
560,369.99,Microwave
561,149.99,Microwave
562,599.99,Microwave
563,619.99,Microwave
564,1499.0,Microwave
565,599.99,Microwave
566,359.99,Microwave
567,229.99,Microwave
568,419.0,Microwave
569,419.0,Microwave
570,399.0,Microwave
571,349.99,Microwave
572,1019.0,Microwave
0,199.99,Hob
1,119.99,Hob
2,299.99,Hob
3,159.99,Hob
4,179.99,Hob
5,399.99,Hob
6,299.99,Hob
7,179.99,Hob
8,99.99,Hob
9,179.99,Hob
10,109.99,Hob
11,139.99,Hob
12,149.99,Hob
13,329.99,Hob
14,89.99,Hob
15,159.99,Hob
16,129.99,Hob
17,199.99,Hob
18,99.99,Hob
19,529.99,Hob
20,499.99,Hob
21,399.99,Hob
22,499.99,Hob
23,299.99,Hob
24,29.99,Hob
25,19.99,Hob
26,259.99,Hob
27,179.99,Hob
28,179.99,Hob
29,119.9,Hob
30,109.9,Hob
31,40.9,Hob
32,59.9,Hob
33,39.9,Hob
34,379.99,Hob
35,408.0,Hob
36,679.18,Hob
37,219.99,Hob
38,299.99,Hob
39,183.01,Hob
40,259.34,Hob
41,261.48,Hob
42,249.99,Hob
43,479.81,Hob
44,83.0,Hob
45,189.99,Hob
46,349.99,Hob
47,369.99,Hob
48,179.99,Hob
49,347.81,Hob
50,167.79,Hob
51,324.47,Hob
52,320.81,Hob
53,345.0,Hob
54,152.21,Hob
55,286.71,Hob
56,94.99,Hob
57,270.75,Hob
58,263.4,Hob
59,251.99,Hob
60,224.88,Hob
61,239.19,Hob
62,196.01,Hob
63,191.0,Hob
64,179.99,Hob
65,89.7,Hob
66,174.99,Hob
67,146.0,Hob
68,133.56,Hob
69,124.99,Hob
70,114.99,Hob
71,114.99,Hob
72,110.04,Hob
73,104.99,Hob
74,90.27,Hob
75,79.99,Hob
76,32.1,Hob
77,549.99,Hob
78,299.99,Hob
79,59.99,Hob
80,829.99,Hob
81,449.99,Hob
82,369.0,Hob
83,299.99,Hob
84,599.0,Hob
85,389.99,Hob
86,249.99,Hob
87,699.99,Hob
88,249.99,Hob
89,89.99,Hob
90,119.99,Hob
91,289.99,Hob
92,229.99,Hob
93,119.99,Hob
94,353.19,Hob
95,129.9,Hob
96,2032.18,Hob
97,339.9,Hob
98,1880.93,Hob
99,369.0,Hob
100,279.0,Hob
101,205.87,Hob
102,319.0,Hob
103,329.0,Hob
104,210.69,Hob
105,179.0,Hob
106,507.14,Hob
107,364.6,Hob
108,299.0,Hob
109,319.56,Hob
110,38.64,Hob
111,239.0,Hob
112,49.9,Hob
113,418.76,Hob
114,398.33,Hob
115,1424.57,Hob
116,145.0,Hob
117,259.0,Hob
118,109.47,Hob
119,1472.87,Hob
120,38.4,Hob
121,69.6,Hob
122,322.46,Hob
123,487.06,Hob
124,480.0,Hob
125,178.25,Hob
126,383.42,Hob
127,350.0,Hob
128,1634.0,Hob
129,2316.0,Hob
130,393.0,Hob
131,795.0,Hob
132,1370.71,Hob
133,627.99,Hob
134,663.06,Hob
135,690.63,Hob
136,464.42,Hob
137,337.31,Hob
138,460.89,Hob
139,99.0,Hob
140,158.5,Hob
141,311.77,Hob
142,251.0,Hob
143,836.0,Hob
144,603.0,Hob
145,1111.0,Hob
146,313.0,Hob
147,514.0,Hob
148,376.0,Hob
149,1544.0,Hob
150,2900.0,Hob
151,1900.0,Hob
152,1513.0,Hob
153,179.25,Hob
154,110.0,Hob
155,114.0,Hob
156,131.25,Hob
157,178.5,Hob
158,125.25,Hob
159,171.0,Hob
160,115.25,Hob
161,143.25,Hob
162,119.7,Hob
163,95.0,Hob
164,155.25,Hob
165,165.25,Hob
166,99.0,Hob
167,98.7,Hob
168,45.99,Hob
169,134.5,Hob
170,317.99,Hob
171,427.99,Hob
172,314.99,Hob
173,407.37,Hob
174,404.0,Hob
175,611.0,Hob
176,499.0,Hob
177,828.0,Hob
178,703.0,Hob
179,856.0,Hob
180,2469.57,Hob
181,448.0,Hob
182,223.9,Hob
183,1204.0,Hob
184,459.0,Hob
185,409.0,Hob
186,657.0,Hob
187,734.0,Hob
188,380.0,Hob
189,487.0,Hob
190,475.0,Hob
191,288.0,Hob
192,549.0,Hob
193,1324.0,Hob
194,1028.0,Hob
195,513.0,Hob
196,858.0,Hob
197,705.0,Hob
198,390.0,Hob
199,525.0,Hob
200,917.0,Hob
201,1495.0,Hob
202,2292.0,Hob
203,2108.0,Hob
204,1489.0,Hob
205,1304.0,Hob
206,1335.0,Hob
207,947.0,Hob
208,1171.0,Hob
209,841.0,Hob
210,997.0,Hob
211,302.0,Hob
212,216.0,Hob
213,2006.0,Hob
214,425.66,Hob
215,395.0,Hob
216,210.0,Hob
217,399.0,Hob
218,440.0,Hob
219,290.0,Hob
220,499.0,Hob
221,365.0,Hob
222,412.0,Hob
223,366.0,Hob
224,544.0,Hob
225,445.0,Hob
226,259.0,Hob
227,471.0,Hob
228,1549.0,Hob
229,1149.0,Hob
230,1026.0,Hob
231,773.0,Hob
232,633.0,Hob
233,673.0,Hob
234,352.0,Hob
235,857.0,Hob
236,2574.0,Hob
237,1022.0,Hob
238,585.0,Hob
239,609.0,Hob
240,779.0,Hob
241,1768.0,Hob
242,1567.0,Hob
243,584.0,Hob
244,572.0,Hob
245,402.0,Hob
246,487.0,Hob
247,440.0,Hob
248,298.0,Hob
249,511.0,Hob
250,392.0,Hob
251,382.0,Hob
252,356.0,Hob
253,545.0,Hob
254,545.0,Hob
255,575.0,Hob
256,597.0,Hob
257,602.0,Hob
258,441.0,Hob
259,306.0,Hob
260,369.0,Hob
261,432.0,Hob
262,323.0,Hob
263,366.0,Hob
264,375.0,Hob
265,237.0,Hob
266,841.0,Hob
267,755.0,Hob
268,681.0,Hob
269,803.0,Hob
270,401.0,Hob
271,691.0,Hob
272,938.0,Hob
273,808.0,Hob
274,1057.0,Hob
275,781.0,Hob
276,778.0,Hob
277,644.0,Hob
278,733.0,Hob
279,749.0,Hob
280,877.0,Hob
281,855.0,Hob
282,1012.0,Hob
283,1046.0,Hob
284,855.0,Hob
285,1429.0,Hob
286,669.0,Hob
287,1532.0,Hob
288,1695.0,Hob
289,1532.0,Hob
290,1297.0,Hob
291,1688.0,Hob
292,2906.0,Hob
293,987.0,Hob
294,514.0,Hob
295,381.0,Hob
296,489.0,Hob
297,578.0,Hob
298,579.0,Hob
299,466.0,Hob
300,455.0,Hob
301,895.0,Hob
302,870.0,Hob
303,895.0,Hob
304,834.0,Hob
305,722.0,Hob
306,399.0,Hob
307,895.0,Hob
308,737.0,Hob
309,685.0,Hob
310,809.0,Hob
311,809.0,Hob
312,685.0,Hob
313,562.0,Hob
314,796.0,Hob
315,809.0,Hob
316,747.0,Hob
317,747.0,Hob
318,747.0,Hob
319,747.0,Hob
320,704.0,Hob
321,562.0,Hob
322,574.0,Hob
323,438.0,Hob
324,700.0,Hob
325,809.0,Hob
326,685.0,Hob
327,313.0,Hob
328,468.0,Hob
329,351.0,Hob
330,340.0,Hob
331,247.0,Hob
332,217.0,Hob
333,311.0,Hob
334,377.0,Hob
335,602.0,Hob
336,575.0,Hob
337,514.0,Hob
338,474.0,Hob
339,438.0,Hob
340,221.0,Hob
341,403.0,Hob
342,639.0,Hob
343,589.0,Hob
344,603.0,Hob
345,603.0,Hob
346,828.0,Hob
347,319.0,Hob
348,347.0,Hob
349,864.0,Hob
350,444.0,Hob
351,240.0,Hob
352,529.0,Hob
353,569.0,Hob
354,527.0,Hob
355,462.0,Hob
356,442.0,Hob
357,387.0,Hob
358,493.0,Hob
359,431.0,Hob
360,585.0,Hob
361,440.0,Hob
362,499.0,Hob
363,478.0,Hob
364,336.0,Hob
365,434.0,Hob
366,380.0,Hob
367,499.0,Hob
368,393.0,Hob
369,545.0,Hob
370,551.0,Hob
371,335.0,Hob
372,305.0,Hob
373,1112.0,Hob
374,325.0,Hob
375,613.0,Hob
376,641.0,Hob
377,753.0,Hob
378,582.0,Hob
379,918.0,Hob
380,588.0,Hob
381,471.0,Hob
382,515.0,Hob
383,467.0,Hob
384,508.0,Hob
385,784.0,Hob
386,599.0,Hob
387,438.0,Hob
388,514.0,Hob
389,1769.0,Hob
390,434.0,Hob
391,719.0,Hob
392,648.0,Hob
393,680.0,Hob
394,848.0,Hob
395,761.0,Hob
396,511.0,Hob
397,474.0,Hob
398,602.18,Hob
399,708.0,Hob
400,646.0,Hob
401,489.0,Hob
402,563.0,Hob
403,563.0,Hob
404,563.0,Hob
405,447.0,Hob
406,552.0,Hob
407,622.0,Hob
408,622.0,Hob
409,503.0,Hob
410,545.0,Hob
411,815.0,Hob
412,702.0,Hob
413,727.0,Hob
414,581.0,Hob
415,841.0,Hob
416,804.0,Hob
417,637.0,Hob
418,749.0,Hob
419,866.0,Hob
420,656.0,Hob
421,368.0,Hob
422,359.0,Hob
423,308.0,Hob
424,350.0,Hob
425,1111.0,Hob
426,449.0,Hob
427,607.0,Hob
428,1261.0,Hob
429,960.0,Hob
430,291.0,Hob
431,355.0,Hob
432,341.0,Hob
433,688.0,Hob
434,1604.0,Hob
435,680.0,Hob
436,816.0,Hob
437,355.0,Hob
438,530.0,Hob
439,891.0,Hob
440,848.0,Hob
441,716.0,Hob
442,802.0,Hob
443,1983.0,Hob
444,866.0,Hob
445,500.0,Hob
446,270.0,Hob
447,438.0,Hob
448,478.0,Hob
449,381.0,Hob
450,315.0,Hob
451,282.0,Hob
452,717.0,Hob
453,512.0,Hob
454,501.0,Hob
455,1124.0,Hob
456,429.0,Hob
457,461.0,Hob
458,285.0,Hob
459,500.0,Hob
460,496.79,Hob
461,336.0,Hob
462,441.0,Hob
463,410.0,Hob
464,488.0,Hob
465,319.0,Hob
466,2839.0,Hob
467,1505.0,Hob
468,697.0,Hob
469,686.0,Hob
470,712.0,Hob
471,1616.0,Hob
472,866.0,Hob
473,425.19,Hob
474,390.0,Hob
475,355.0,Hob
476,339.0,Hob
477,1045.0,Hob
478,524.0,Hob
479,647.0,Hob
480,1492.0,Hob
481,614.0,Hob
482,413.0,Hob
483,686.0,Hob
484,546.0,Hob
485,1558.0,Hob
486,461.93,Hob
487,589.0,Hob
488,415.0,Hob
489,275.0,Hob
490,99.0,Hob
491,99.0,Hob
492,128.0,Hob
493,166.0,Hob
494,99.0,Hob
495,99.0,Hob
496,99.0,Hob
497,176.0,Hob
498,173.0,Hob
499,205.0,Hob
500,135.0,Hob
501,129.0,Hob
502,129.0,Hob
503,177.0,Hob
504,266.0,Hob
505,514.0,Hob
506,1048.55,Hob
507,356.4,Hob
508,278.0,Hob
509,276.0,Hob
510,453.29,Hob
511,805.0,Hob
512,354.0,Hob
513,356.06,Hob
514,511.0,Hob
515,485.61,Hob
516,557.72,Hob
517,806.0,Hob
518,486.0,Hob
519,825.71,Hob
520,1422.0,Hob
521,83.16,Hob
522,369.63,Hob
523,1245.0,Hob
524,264.89,Hob
525,692.0,Hob
526,574.9,Hob
527,320.74,Hob
528,588.0,Hob
529,664.0,Hob
530,152.55,Hob
531,33.1,Hob
532,76.66,Hob
533,153.86,Hob
534,153.86,Hob
535,153.86,Hob
536,248.65,Hob
537,167.46,Hob
538,726.36,Hob
539,1274.02,Hob
540,705.0,Hob
541,390.58,Hob
542,29.31,Hob
543,379.99,Hob
544,388.53,Hob
545,412.88,Hob
546,182.91,Hob
547,730.12,Hob
548,396.0,Hob
549,534.0,Hob
550,1447.46,Hob
551,601.0,Hob
552,392.15,Hob
553,528.07,Hob
554,227.07,Hob
555,371.82,Hob
556,721.0,Hob
557,999.49,Hob
558,853.34,Hob
559,1439.0,Hob
560,2228.31,Hob
561,1456.6,Hob
562,356.8,Hob
563,593.0,Hob
564,467.0,Hob
565,416.0,Hob
566,586.51,Hob
567,2558.68,Hob
568,577.82,Hob
569,311.32,Hob
570,1873.63,Hob
571,671.62,Hob
572,675.84,Hob
573,727.26,Hob
574,670.0,Hob
575,563.73,Hob
576,586.0,Hob
577,405.99,Hob
578,582.0,Hob
579,412.0,Hob
580,347.13,Hob
581,330.42,Hob
582,199.0,Hob
583,164.99,Hob
584,527.0,Hob
585,1322.0,Hob
586,1715.99,Hob
587,331.01,Hob
588,487.81,Hob
589,265.06,Hob
590,29.9,Hob
591,97.85,Hob
592,103.74,Hob
593,56.35,Hob
594,45.16,Hob
595,72.19,Hob
596,226.88,Hob
597,98.02,Hob
598,112.81,Hob
599,569.19,Hob
600,213.79,Hob
601,262.86,Hob
602,529.15,Hob
603,206.72,Hob
604,262.3,Hob
605,174.99,Hob
606,128.56,Hob
607,169.9,Hob
608,154.99,Hob
609,309.0,Hob
610,2937.0,Hob
611,2341.0,Hob
612,129.94,Hob
613,180.2,Hob
614,204.99,Hob
615,207.94,Hob
616,747.63,Hob
617,1664.99,Hob
618,204.78,Hob
619,226.79,Hob
620,250.61,Hob
621,220.29,Hob
622,247.55,Hob
623,206.96,Hob
624,136.09,Hob
625,173.37,Hob
626,196.12,Hob
627,137.71,Hob
628,349.0,Hob
629,563.0,Hob
630,1259.0,Hob
631,220.0,Hob
632,484.0,Hob
633,654.43,Hob
634,389.29,Hob
635,342.64,Hob
636,1345.64,Hob
637,215.0,Hob
638,398.59,Hob
639,232.0,Hob
640,2584.99,Hob
641,664.67,Hob
642,218.99,Hob
643,897.01,Hob
644,2636.0,Hob
645,375.66,Hob
646,167.59,Hob
647,281.0,Hob
648,878.23,Hob
649,356.0,Hob
650,581.5,Hob
651,292.89,Hob
652,268.04,Hob
653,340.24,Hob
654,2611.0,Hob
655,243.18,Hob
656,919.0,Hob
657,246.0,Hob
658,182.16,Hob
659,39.9,Hob
660,569.0,Hob
661,473.0,Hob
662,424.47,Hob
663,453.43,Hob
664,52.76,Hob
665,283.68,Hob
666,36.91,Hob
667,500.0,Hob
668,527.21,Hob
669,269.99,Hob
670,444.53,Hob
671,407.07,Hob
672,641.0,Hob
673,318.79,Hob
674,199.58,Hob
675,441.81,Hob
676,295.99,Hob
677,399.0,Hob
678,409.99,Hob
679,317.77,Hob
680,238.2,Hob
681,194.99,Hob
682,392.97,Hob
683,132.83,Hob
684,284.61,Hob
685,289.0,Hob
686,304.34,Hob
687,558.84,Hob
688,299.99,Hob
689,1103.17,Hob
690,341.81,Hob
691,312.88,Hob
692,198.22,Hob
693,182.08,Hob
694,184.87,Hob
695,803.0,Hob
696,1463.8,Hob
697,538.77,Hob
698,730.69,Hob
699,1336.0,Hob
700,863.8,Hob
701,249.0,Hob
702,629.0,Hob
703,616.48,Hob
704,239.82,Hob
705,319.0,Hob
706,383.3,Hob
707,307.38,Hob
708,525.74,Hob
709,1047.48,Hob
710,407.96,Hob
711,596.0,Hob
712,534.99,Hob
713,544.0,Hob
714,539.75,Hob
715,1255.0,Hob
716,666.94,Hob
717,659.53,Hob
718,853.0,Hob
719,299.0,Hob
720,749.0,Hob
721,513.76,Hob
722,683.47,Hob
723,289.0,Hob
724,266.37,Hob
725,260.31,Hob
726,241.19,Hob
727,597.0,Hob
728,62.0,Hob
729,631.83,Hob
730,314.52,Hob
731,237.01,Hob
732,662.99,Hob
733,516.23,Hob
734,237.01,Hob
735,1398.12,Hob
736,1945.02,Hob
737,280.52,Hob
738,310.31,Hob
739,148.0,Hob
740,277.14,Hob
741,506.0,Hob
742,245.99,Hob
743,359.99,Hob
744,1316.59,Hob
745,46.44,Hob
746,311.54,Hob
747,178.81,Hob
748,126.98,Hob
749,140.56,Hob
750,194.81,Hob
751,290.0,Hob
752,246.98,Hob
753,434.87,Hob
754,360.73,Hob
755,616.72,Hob
756,266.81,Hob
757,397.0,Hob
758,491.7,Hob
759,858.0,Hob
760,1114.9,Hob
761,338.6,Hob
762,505.0,Hob
763,1041.0,Hob
764,207.0,Hob
765,83.05,Hob
766,1077.45,Hob
767,514.0,Hob
768,906.6,Hob
769,689.0,Hob
770,1066.0,Hob
771,1114.0,Hob
772,1384.0,Hob
773,633.99,Hob
774,355.03,Hob
775,451.18,Hob
776,119.0,Hob
777,330.96,Hob
778,77.22,Hob
779,633.0,Hob
780,302.93,Hob
781,146.99,Hob
782,336.0,Hob
783,510.0,Hob
784,415.0,Hob
785,720.0,Hob
786,313.0,Hob
787,388.0,Hob
788,362.0,Hob
789,289.4,Hob
790,111.01,Hob
791,760.56,Hob
792,139.01,Hob
793,283.42,Hob
794,334.15,Hob
795,532.0,Hob
796,242.54,Hob
797,685.92,Hob
798,350.01,Hob
799,441.0,Hob
800,486.0,Hob
801,379.99,Hob
802,304.99,Hob
803,809.95,Hob
804,120.0,Hob
805,104.13,Hob
806,422.15,Hob
807,362.14,Hob
808,84.59,Hob
809,52.47,Hob
810,228.81,Hob
811,913.0,Hob
812,129.0,Hob
813,252.99,Hob
814,87.01,Hob
815,299.99,Hob
816,79.0,Hob
817,292.11,Hob
818,536.0,Hob
819,623.0,Hob
820,666.91,Hob
821,443.09,Hob
822,64.41,Hob
823,213.32,Hob
824,26.03,Hob
825,166.49,Hob
826,49.56,Hob
827,170.11,Hob
828,267.69,Hob
829,233.09,Hob
830,370.49,Hob
831,207.11,Hob
832,394.56,Hob
833,243.8,Hob
834,614.8,Hob
835,557.01,Hob
836,282.51,Hob
837,156.81,Hob
838,202.36,Hob
839,352.0,Hob
840,56.7,Hob
841,65.57,Hob
842,330.63,Hob
843,234.07,Hob
844,252.0,Hob
845,103.25,Hob
846,494.96,Hob
847,292.81,Hob
848,142.69,Hob
849,378.94,Hob
850,226.48,Hob
851,60.17,Hob
852,59.29,Hob
853,173.51,Hob
854,237.0,Hob
855,470.0,Hob
856,602.0,Hob
857,469.79,Hob
858,202.13,Hob
859,436.63,Hob
860,647.03,Hob
861,273.88,Hob
862,773.0,Hob
863,538.42,Hob
864,99.0,Hob
865,148.66,Hob
866,576.35,Hob
867,1197.0,Hob
868,991.0,Hob
869,135.0,Hob
870,38.0,Hob
871,182.0,Hob
872,41.55,Hob
873,32.98,Hob
874,37.74,Hob
875,161.64,Hob
876,2088.79,Hob
877,315.03,Hob
878,122.22,Hob
879,197.91,Hob
880,67.55,Hob
881,29.61,Hob
882,53.99,Hob
883,54.99,Hob
884,38.99,Hob
885,119.0,Hob
886,144.2,Hob
887,588.75,Hob
888,371.83,Hob
889,165.0,Hob
890,86.91,Hob
891,95.03,Hob
892,3577.0,Hob
893,236.93,Hob
894,138.06,Hob
895,121.6,Hob
896,120.16,Hob
897,1490.0,Hob
898,113.25,Hob
899,94.22,Hob
900,62.43,Hob
901,99.0,Hob
902,76.6,Hob
903,56.57,Hob
904,222.27,Hob
905,710.0,Hob
906,65.18,Hob
907,60.37,Hob
908,205.57,Hob
909,308.63,Hob
910,206.0,Hob
911,392.42,Hob
912,538.08,Hob
913,189.0,Hob
914,844.0,Hob
915,52.26,Hob
916,131.0,Hob
917,76.14,Hob
918,44.81,Hob
919,131.99,Hob
920,139.0,Hob
921,184.81,Hob
922,327.13,Hob
923,2280.0,Hob
924,370.0,Hob
925,56.0,Hob
926,66.55,Hob
927,53.87,Hob
928,119.0,Hob
929,140.78,Hob
930,411.0,Hob
931,73.94,Hob
932,40.63,Hob
933,149.0,Hob
934,147.0,Hob
935,129.0,Hob
936,79.99,Hob
937,27.23,Hob
938,130.54,Hob
939,45.48,Hob
940,34.46,Hob
941,77.1,Hob
942,61.3,Hob
943,170.67,Hob
944,166.27,Hob
945,117.31,Hob
946,158.08,Hob
947,48.05,Hob
948,36.08,Hob
949,153.28,Hob
950,76.87,Hob
951,69.66,Hob
952,36.0,Hob
953,92.27,Hob
954,64.21,Hob
955,191.99,Hob
956,349.0,Hob
957,160.38,Hob
958,249.0,Hob
959,1407.42,Hob
960,138.0,Hob
961,317.0,Hob
962,381.0,Hob
963,177.27,Hob
964,326.11,Hob
965,116.81,Hob
966,242.0,Hob
967,426.0,Hob
968,528.0,Hob
969,532.0,Hob
970,193.0,Hob
971,408.38,Hob
972,303.77,Hob
973,654.0,Hob
974,852.58,Hob
975,358.0,Hob
976,226.81,Hob
977,309.95,Hob
978,123.44,Hob
979,73.43,Hob
980,86.35,Hob
981,1004.74,Hob
982,1022.0,Hob
983,120.35,Hob
984,211.99,Hob
985,203.0,Hob
986,136.67,Hob
987,586.0,Hob
988,270.15,Hob
989,884.27,Hob
990,506.0,Hob
991,418.57,Hob
992,560.99,Hob
993,290.36,Hob
994,382.0,Hob
995,238.16,Hob
996,252.99,Hob
997,383.0,Hob
998,295.01,Hob
999,250.41,Hob
1000,484.55,Hob
1001,781.0,Hob
1002,396.47,Hob
1003,1289.14,Hob
1004,1078.79,Hob
1005,1406.0,Hob
1006,592.13,Hob
1007,439.93,Hob
1008,1300.13,Hob
1009,725.43,Hob
1010,488.35,Hob
1011,300.07,Hob
1012,1282.0,Hob
1013,803.18,Hob
1014,486.12,Hob
1015,728.0,Hob
1016,521.66,Hob
1017,222.8,Hob
1018,192.51,Hob
1019,420.77,Hob
1020,578.78,Hob
1021,241.61,Hob
1022,252.08,Hob
1023,475.7,Hob
1024,444.0,Hob
1025,332.56,Hob
1026,349.99,Hob
1027,441.02,Hob
1028,519.79,Hob
1029,306.7,Hob
1030,485.62,Hob
1031,253.0,Hob
1032,278.39,Hob
1033,1376.77,Hob
1034,1091.0,Hob
1035,794.0,Hob
1036,736.91,Hob
1037,518.76,Hob
1038,626.0,Hob
1039,533.08,Hob
1040,549.99,Hob
1041,72.98,Hob
1042,226.41,Hob
1043,145.58,Hob
1044,314.05,Hob
1045,377.01,Hob
1046,610.47,Hob
1047,249.0,Hob
1048,525.99,Hob
1049,265.81,Hob
1050,588.06,Hob
1051,199.91,Hob
1052,2256.53,Hob
1053,201.26,Hob
1054,323.7,Hob
1055,34.31,Hob
1056,199.0,Hob
1057,272.16,Hob
1058,345.61,Hob
1059,263.99,Hob
1060,324.99,Hob
1061,537.53,Hob
1062,605.19,Hob
1063,358.95,Hob
1064,424.5,Hob
1065,345.23,Hob
1066,429.18,Hob
1067,276.81,Hob
1068,330.41,Hob
1069,374.0,Hob
1070,273.95,Hob
1071,158.11,Hob
1072,129.81,Hob
1073,292.46,Hob
1074,216.45,Hob
1075,198.79,Hob
1076,120.61,Hob
1077,230.81,Hob
1078,325.98,Hob
1079,513.0,Hob
1080,445.83,Hob
1081,492.0,Hob
1082,218.81,Hob
1083,157.99,Hob
1084,286.27,Hob
1085,785.81,Hob
1086,238.0,Hob
1087,336.0,Hob
1088,526.81,Hob
1089,866.72,Hob
1090,525.35,Hob
1091,523.33,Hob
1092,129.91,Hob
1093,309.0,Hob
1094,328.81,Hob
1095,363.76,Hob
1096,624.01,Hob
1097,369.53,Hob
1098,239.06,Hob
1099,457.28,Hob
1100,474.41,Hob
1101,397.01,Hob
1102,282.66,Hob
1103,421.85,Hob
1104,385.5,Hob
1105,198.0,Hob
1106,175.61,Hob
1107,368.91,Hob
1108,98.63,Hob
1109,95.3,Hob
1110,316.99,Hob
1111,196.6,Hob
1112,330.11,Hob
1113,179.97,Hob
1114,211.98,Hob
1115,497.62,Hob
1116,480.86,Hob
1117,261.15,Hob
1118,520.06,Hob
1119,402.23,Hob
1120,459.0,Hob
1121,471.8,Hob
1122,529.12,Hob
1123,528.0,Hob
1124,404.91,Hob
1125,47.24,Hob
1126,244.01,Hob
1127,579.84,Hob
1128,393.2,Hob
1129,317.88,Hob
1130,1119.97,Hob
1131,60.98,Hob
1132,188.03,Hob
1133,254.39,Hob
1134,468.5,Hob
1135,375.51,Hob
1136,607.9,Hob
1137,410.17,Hob
1138,658.71,Hob
1139,611.0,Hob
1140,578.78,Hob
1141,428.13,Hob
1142,331.2,Hob
1143,335.17,Hob
1144,174.76,Hob
1145,155.69,Hob
1146,136.21,Hob
1147,230.88,Hob
1148,236.95,Hob
1149,99.99,Hob
1150,43.57,Hob
1151,247.0,Hob
1152,292.73,Hob
1153,119.0,Hob
1154,157.02,Hob
1155,240.0,Hob
1156,312.73,Hob
1157,588.86,Hob
1158,179.99,Hob
1159,947.0,Hob
1160,379.0,Hob
1161,422.0,Hob
1162,1976.0,Hob
1163,298.72,Hob
1164,242.48,Hob
1165,273.73,Hob
1166,202.0,Hob
1167,32.29,Hob
1168,22.89,Hob
1169,89.99,Hob
1170,223.0,Hob
1171,115.48,Hob
1172,212.0,Hob
1173,500.0,Hob
1174,362.0,Hob
1175,206.0,Hob
1176,420.08,Hob
1177,221.19,Hob
1178,554.0,Hob
1179,324.01,Hob
1180,322.89,Hob
1181,299.99,Hob
1182,209.99,Hob
1183,233.41,Hob
1184,209.71,Hob
1185,404.0,Hob
1186,2099.99,Hob
1187,1249.99,Hob
1188,369.0,Hob
1189,559.0,Hob
1190,559.0,Hob
1191,559.0,Hob
1192,1399.0,Hob
1193,2249.99,Hob
1194,349.99,Hob
1195,779.0,Hob
1196,749.0,Hob
1197,799.0,Hob
1198,779.0,Hob
1199,1799.99,Hob
1200,499.99,Hob
1201,1999.99,Hob
1202,599.99,Hob
1203,1699.0,Hob
1204,549.99,Hob
1205,719.99,Hob
1206,1449.0,Hob
1207,559.0,Hob
1208,719.99,Hob
1209,449.99,Hob
1210,699.99,Hob
1211,529.0,Hob
1212,599.0,Hob
1213,629.0,Hob
1214,999.99,Hob
1215,799.0,Hob
1216,699.0,Hob
1217,729.99,Hob
1218,289.0,Hob
1219,549.0,Hob
1220,299.0,Hob
1221,249.99,Hob
1222,199.99,Hob
